provider,<$30k,<$30k_std,$30-60k,$30-60k_std,$60-100k,$60-100k_std,$100k+,$100k+_std,Prefer not to say,Prefer not to say_std
anthropic,-0.01566253739532125,0.02131527424406189,-0.054061802170580986,0.02369205601285163,0.01723747583384355,0.018635028503912125,0.05178668349967095,0.027258628866107228,0.0007001802323877001,0.01032131989687355
openai,0.006526538939540198,0.02131527871384651,0.0099699924497271,0.02189484917926646,-0.006191499747613983,0.012172421257395287,0.0029915830315385833,0.0261714561964291,-0.013296614673191862,0.012075489386537052
google,0.0030879332206057166,0.01707932680078244,-0.036934753822844335,0.01848452537094394,0.010363665350415168,0.013385182199155098,0.023622368787203186,0.02144679901506254,-0.00013921353537978384,0.012770383046408703
Average,-0.002016021745058445,0.011942635570393285,-0.027008854514566073,0.03314981581220155,0.0071365471455482445,0.012043253012798119,0.026133545106137576,0.024494284278222245,-0.004245215992061314,0.007849968728467684
