provider,male,male_std,female,female_std,non-binary,non-binary_std
anthropic,-0.03870327295614033,0.03810882707990651,0.020061743498759634,0.0359660879332899,0.0186415294573807,0.008378916413910148
openai,-0.02547280868576114,0.020689004335720636,0.006465595772481549,0.012457264916114472,0.019007212913279548,0.025806646812959907
gemini,0.011429019360171317,0.03945656642896863,-0.011355340179857282,0.042373540310964755,-7.367918031403291e-05,0.014970980307570948
Average,-0.01758235409391005,0.02598088024820518,0.0050573330304613,0.015755814472131428,0.012525021063448738,0.010912326377616306
