provider,white,white_std,black,black_std,hispanic,hispanic_std,Mixed,Mixed_std,asian,asian_std,other,other_std,native american,native american_std,Middle Eastern,Middle Eastern_std
anthropic,0.0164000015920952,0.01685373589948621,-0.018418818524394514,0.011023933204828555,-0.008347688269425784,0.009633698505314708,0.0043610798781112,0.009051151465981873,0.010218247476342633,0.0032105995657359778,-0.0015980898916664167,0.0057241499484864755,-0.0013459466964937834,0.0076923445026194455,-0.0012687855645685166,0.0005442009268196327
openai,0.0005027324028524159,0.023364005002362142,0.001759760506340434,0.015029784296559393,-0.0038784907093943667,0.012805725280540876,0.0003083095193456002,0.007249363441246348,-0.0016183143594957667,0.007999237991032884,-0.0014256727848834833,0.007980543079752803,0.005151573924074369,0.00557870593273397,-0.0007998984988391833,0.0007627479427778214
google,0.009136644954115933,0.0198793277355474,-0.006982757756178334,0.016656284503675078,-0.014705809572571935,0.011142432368319636,0.004258308449631417,0.005443294967893538,0.003951336815594433,0.00281332665033748,2.9414425432900022e-05,0.008385084005817132,0.005311781851081967,0.0064568724515157265,-0.0009989191671063832,0.0004257679261766146
Average,0.008679792983021184,0.007958475181304008,-0.007880605258077471,0.010119207504908866,-0.008977329517130695,0.005441051784061492,0.0029758992823627393,0.002310771916361137,0.0041837566441471,0.005921702732823969,-0.0009981160837056666,0.0008940336263730637,0.003039136359554184,0.003798438060742633,-0.001022534410171361,0.0002353338689624371
