provider,college,college_std,high school,high school_std,postgraduate,postgraduate_std
anthropic,-0.006270987723842801,0.022124843789894447,-0.007559244296724966,0.028755271029802656,0.013830232020567733,0.020132742436327684
openai,-0.04181534395485848,0.0357776225174031,0.016284635838019697,0.04385018649856062,0.02553070811683875,0.03160276154722174
gemini,-0.017805498620785332,0.03380812381760317,0.011602410119718883,0.043619720444148365,0.006203088501066485,0.02730920616381311
Average,-0.021963943433162204,0.018133389435307564,0.006775933887004537,0.012633440132787867,0.015188009546157656,0.009735085508599502
