provider,not religious,not religious_std,somewhat religious,somewhat religious_std,religious,religious_std,very religious,very religious_std
anthropic,-0.0222999768477684,0.027053441503086285,0.0015639632227481502,0.02255268914478257,0.0037401814046592852,0.048570326471967476,0.016995832220360933,0.04194390278058759
openai,-0.016846863261348485,0.03284172896214716,0.0030699509703046163,0.014646919063752248,-0.020599838086601766,0.027442213862894808,0.034376750377645565,0.05246454210328284
gemini,-0.0010855970605046486,0.03417802893545915,-0.008452404954930916,0.019378374966138236,0.0135654848989633,0.03992427685927716,-0.004027482883527733,0.031869507062398716
Average,-0.013410812389873844,0.011016683331796708,-0.001272830253959383,0.006263123776444978,-0.0010980572609930607,0.017589023245091106,0.015781699904826255,0.019230883262460193
