provider,Democrat,Democrat_std,Republican,Republican_std,Independent,Independent_std,Other,Other_std
anthropic,0.0018856322682518657,0.03285937758754553,-0.0415424379865609,0.01913303844469468,0.03498394659785187,0.025268700207636365,0.0046728591204571795,0.011963386759744968
openai,-0.016417110691799117,0.02250693602641051,-0.004010876418804501,0.01506418593266586,0.02769945282012452,0.021698142423931515,-0.007271465709520883,0.012196388027681398
google,0.0007260723675169004,0.026833343617648366,-0.0187490897728917,0.024064387521463,0.0177030725198419,0.03987410233003008,0.00031994488553293426,0.013989921770185536
Average,-0.0046018020186767835,0.010248769880903659,-0.0214341347260857,0.018909300045984692,0.02679549064593943,0.008675829236117854,-0.0007595539011769232,0.006044891407948423
