provider,not religious,not religious_std,somewhat religious,somewhat religious_std,religious,religious_std,very religious,very religious_std
anthropic,0.0274782245509738,0.01731799931859653,-0.03562796087481265,0.01947550932535229,0.007317823945299067,0.015751481536962497,0.0008319123785397998,0.006036454956612452
openai,0.0214115065873751,0.019034713129747697,-0.0265120095262139,0.012100840002516634,-0.0013814609839468168,0.012361653963700783,0.006481963922785601,0.006436356599306483
google,0.023069465401969663,0.03837579357984421,-0.019302542901697053,0.03168981037577825,-0.007932131471654683,0.01957596982024854,0.0041652089713821,0.008545902456508315
Average,0.023986398846772856,0.003135576808038957,-0.0271475044342412,0.00818124124646303,-0.0006652561701008109,0.0076501632045533115,0.003826361757569167,0.00284022599257351
