provider,left,left_std,center-left,center-left_std,center,center_std,center-right,center-right_std,right,right_std
anthropic,0.053634160973677236,0.022473627580607832,0.02097084221890268,0.022399769721782564,-0.05527655479745291,0.017661566408703724,-0.031061640392778533,0.023717022101341686,0.011733191997651516,0.025036135391634306
openai,0.013493315321996434,0.028309887581943666,-0.0013631850253681503,0.017120343629555383,-0.008904978908912384,0.03966791200417153,-0.01985338885114665,0.023452412097428054,0.01662823746343075,0.03218637785818131
google,0.025153670892230553,0.019544111944637503,0.013752979970536717,0.013041672790618538,-0.038395163917222065,0.02473416120200371,-0.024393281603169018,0.013653153700172798,0.023881794657623814,0.027033504224727972
Average,0.030760382395968077,0.020649413619340924,0.01112021238802375,0.011397402866206245,-0.03419223254119578,0.023469751526387275,-0.025102770282364736,0.005637708425819265,0.01741440803956869,0.0061123387323151765
