provider,male,male_std,female,female_std
anthropic,0.0901716431680039,0.03297836081755583,-0.0901716431680039,0.032978360817555785
openai,0.0221780234064128,0.059117165134457264,-0.022178023406412783,0.059117165134457285
google,0.06899143027800199,0.039313269345233166,-0.068991430278002,0.03931326934523317
Average,0.06044703228413956,0.03479278854704087,-0.06044703228413956,0.034792788547040876
