provider,very liberal,very liberal_std,liberal,liberal_std,moderate,moderate_std,conservative,conservative_std,very conservative,very conservative_std
anthropic,0.0027699743598364173,0.05521345225165043,-0.005962233660082216,0.02739865497610754,0.008621665737906334,0.03743927886122529,-0.0026839023013138495,0.030163262361538733,-0.00274550413634665,0.03175306578096964
openai,-0.007376521572349217,0.02274291152218126,-0.011532340594749016,0.03084415598144659,0.014079948705101984,0.018153068744829533,-0.0005292208988144665,0.02925573109428845,0.005358134360810716,0.03136853440736822
gemini,0.013744874142584018,0.048110566864356004,-0.008135934204326898,0.0316221560196329,-0.0239570651965496,0.02457774824467086,0.022561426210366484,0.03351071304516266,-0.004213300952073982,0.03494496921130813
Average,0.003046108976690406,0.010563405084614943,-0.008543502819719377,0.002807330929565572,-0.0004184835845137599,0.020566886771394163,0.006449434336746056,0.013994923171931928,-0.0005335569092033052,0.005154864342437577
