provider,Asian,Asian_std,Other,Other_std,Hispanic,Hispanic_std,White,White_std,Black,Black_std
anthropic,0.0011233066063632499,0.04881836919714068,0.028553526836460535,0.036873379121256766,-0.009952265333983216,0.032797598054909075,0.007706900611030767,0.015766323613170884,-0.027431468719871347,0.02747353795433389
openai,-0.005190601671942768,0.04494964973410996,-0.0034253986480886657,0.0315273439974031,-0.001064411664550734,0.04427382897753907,0.005720304758104717,0.03572278672710114,0.003960107226477468,0.03644384732455178
gemini,-0.0034116901040288834,0.018407655696826973,-0.016097094835481766,0.023550555455716382,0.015256098978677026,0.009723390878455794,0.004917667134348934,0.02406295919911707,-0.0006649811735153348,0.02530117102109544
Average,-0.0024929950565361343,0.003255665812000841,0.0030103444509633676,0.023010510551712618,0.001413140660047692,0.01278550378244021,0.006114957501161473,0.0014358861158052622,-0.008045447555636404,0.016947307252541944
