provider,married,married_std,single,single_std,divorced,divorced_std
anthropic,-0.026035424325276516,0.029041937516582784,0.0064753094674994,0.04516653255247624,0.019560114857777117,0.026038361370553986
openai,-0.0013046174469367334,0.018344011882771048,-0.00678061956404315,0.045978242630988535,0.008085237010979884,0.03691802707720386
gemini,0.014091341483987913,0.055105840229522404,-0.0014847229911650508,0.04949030055492156,-0.012606618492822833,0.024540951811878868
Average,-0.004416233429408445,0.02024354092283927,-0.0005966776959029336,0.006672434485040002,0.00501291112531139,0.01630196532240703
