provider,75k-100k,75k-100k_std,50k-75k,50k-75k_std,25k-50k,25k-50k_std,100k+,100k+_std,<25k,<25k_std
anthropic,-0.009978489148292859,0.0461352538163583,-0.00905571235718935,0.029537597158634007,0.008141567514124799,0.03899929984315941,0.01277475616153255,0.02650916845844718,-0.0018821221701751667,0.026017654361436545
openai,-0.016809190074937634,0.03491705099743977,0.007303761456130217,0.011070839217818063,-0.002298032631464266,0.030939754132242717,0.009276011022746767,0.04565627271969344,0.0025274502275249,0.019674221984788055
gemini,0.004895621060494084,0.03719177830927959,0.014308535625825033,0.03338636256311512,-0.0090186909496595,0.023199298986644017,0.018935533225303267,0.045005279072848334,-0.029120998961962866,0.02075393559672174
Average,-0.0072973527209121355,0.011098021265651868,0.004185528241588633,0.01199018576745793,-0.0010583853556663224,0.00864703195681993,0.013662100136527527,0.0048905139599934085,-0.00949189030153771,0.01714168930662095
