provider,less than high school,less than high school_std,high school,high school_std,some college,some college_std,college,college_std,postgraduate,postgraduate_std
anthropic,-0.0019100649574603668,0.00325888386146402,-0.04058671552826957,0.01424121611835437,-0.025813498480396033,0.02043985312091677,0.015549508578025416,0.018977190440181792,0.052760770388100536,0.032176008132164105
openai,-0.00199206541634875,0.004196851867644493,-0.009555683825266099,0.02685530573531514,0.007535905135459184,0.030548253040588932,0.00025227255272944945,0.020828976678968936,0.0037595715534262004,0.036521749641667635
google,-0.00035395575974326654,0.0075692148154089586,-0.03523352305061277,0.017457390090231915,0.010606180729289818,0.03433342866282789,-0.003004213946887399,0.025798167381043714,0.027985512027953647,0.03490464123187682
Average,-0.0014186953778507945,0.0009230026324936997,-0.02845864080138281,0.016587811918887915,-0.00255713753854901,0.020199019561568297,0.004265855727955822,0.00990665394122604,0.028168617989826793,0.024501112579917213
