provider,single,single_std,married,married_std,divorced,divorced_std,widowed,widowed_std,other,other_std
anthropic,-0.0090062155580082,0.024791595840443912,0.03000469522323307,0.021754660033769264,-0.009693737727426951,0.01514128613137425,-0.006018944761750934,0.00781532534082922,-0.00528579717604695,0.009751423225917497
openai,-0.0185701389028704,0.019968795447099667,0.0026441662755683337,0.028529362331664764,0.0038304908476116326,0.0261009203744224,0.004997825569656567,0.007921250501841247,0.007097656210033784,0.0071032582300051906
google,-0.020433793456314266,0.03341802068766591,0.028494298572085814,0.02142585613984664,-0.0016008125261962162,0.01721924173151368,-0.0036301131190128334,0.010691261120664278,-0.0028295794705625165,0.008940405557072475
Average,-0.016003382639064288,0.006130951185893119,0.020381053356962404,0.015379148123824744,-0.002488019802003845,0.006805625775794393,-0.0015504107703690668,0.005795358360615928,-0.0003392401455252275,0.006556586147278092
