provider,Democrat,Democrat_std,Republican,Republican_std,Independent,Independent_std
anthropic,-0.008217162784013016,0.027922138206101055,0.0016574425756322325,0.03666420770387655,0.006559720208380834,0.03126597884548582
openai,-0.0033438097736598997,0.020167001804053505,-0.011599689053688267,0.04773119955899643,0.014943498827348184,0.040083312149242246
gemini,-0.0014483681291273833,0.02373209060362533,0.00706780319052015,0.037203874487725545,-0.005619435061392816,0.02092205447760906
Average,-0.004336446895600099,0.003491867925894731,-0.0009581477625119614,0.00960467601143528,0.005294594658112067,0.01033967937228425
