,Sentiment: Polarity,Sentiment: Subjectivity,Retweet Count,Toxicity: Toxicity,Content: Polarization Score,User Followers Count,Favorite Count,User Statuses Count,User Favourites Count,User Friends Count,Content: Primary Topic,Author: Income,Author: Age,Author: Religiosity,Author: Race,Author: Ideology,Author: Marital Status,Author: Gender,Retweeted,Author: Partisanship,Author: Education
Claude Sonnet 4.5,0.012304376350168551,0.012220032270683433,0.011128063061348316,0.0132046206092037,0.011297912330978618,0.0110209530123188,0.011092356278629133,0.010898905557229133,0.00979527772071585,0.00927174198690665,0.009500673863781351,0.0070642645222566665,0.006731110391573367,0.006807470906993116,0.00713786206029065,0.006079306540408217,0.00447035815965785,0.0047284740916382,0.004222506155985266,0.0033322323516313166,0.00296188006391845
GPT-4o-mini,0.014144688379277034,0.012241951061787966,0.01148728058006235,0.011351352276864434,0.010671578336167166,0.011003917203833667,0.011679508776930332,0.012240616371589382,0.0119736092218162,0.0104879978716421,0.010305830217144067,0.005952189364976633,0.007968569121785217,0.006642115139241349,0.006832104670646599,0.004292003953961817,0.0040484252818012,0.0028420056049822,0.0038807748248933667,0.0035370724856999165,0.004241335871592883
Gemini 2.0 Flash,0.013263061540854333,0.014296265480680933,0.016057809020761017,0.013385623605191667,0.013508296398333985,0.012981592579654783,0.011661145395933234,0.010066323906255817,0.010726725189824418,0.012259166997257867,0.008385384148016201,0.007533804814234283,0.005824555534874967,0.004585129609623467,0.0038793316271289167,0.006389467370176716,0.0038561080093411,0.0036483501313607663,0.0029543308370828,0.00393850652236105,0.003507064311396333
"Average
(across models)",0.013237375423433307,0.012919416271050777,0.01289105088739056,0.012647198830419934,0.01182592902182659,0.011668820931935749,0.011477670150497566,0.011068615278358111,0.010831870710785488,0.01067296895193554,0.009397296076313873,0.006850086233822528,0.006841411682744517,0.006011571885285977,0.005949766119355389,0.005586925954848916,0.0041249638169333835,0.0037396099426603886,0.0036858706059871445,0.0036026037865640945,0.0035700934156358884
