provider,not religious,not religious_std,somewhat religious,somewhat religious_std,religious,religious_std,very religious,very religious_std
anthropic,-0.0017195304013071329,0.019166799250645305,-0.019549031182405866,0.019225349764646325,0.01966063275717185,0.0145466248497199,0.001607928826541134,0.02000946078055267
openai,0.015286455608703502,0.015471554250478515,-0.010325090844246399,0.01483621868854541,-0.020399664327826948,0.015121919457186439,0.015438299563369886,0.014331236525977226
google,0.014648280124566683,0.01838208824041289,-0.021847966998739782,0.01676725781807136,0.010557133814721516,0.005185078972790923,-0.003357446940548433,0.003704586130123799
Average,0.009405068443987684,0.009639467910039919,-0.01724069634179735,0.006098399463812076,0.0032727007480221394,0.021000097010776122,0.004562927149787529,0.009740073561204822
