provider,<$30k,<$30k_std,$30-60k,$30-60k_std,$60-100k,$60-100k_std,$100k+,$100k+_std,Prefer not to say,Prefer not to say_std
anthropic,-0.030130296701059985,0.004152584907575609,-0.0520534870069931,0.014602720041874044,0.03743355922305145,0.016560583678184092,0.047422853571337235,0.008335657219468426,-0.0026726290863356,0.011746159701368546
openai,0.005822850284422084,0.018092062215625586,-0.019199263615109416,0.021105918816677043,-0.011231224511275216,0.018012257364299226,0.022645150081808684,0.017229542086130374,0.0019624877601539,0.013082111478084173
google,0.002214145280780983,0.01598388632007745,-0.0328532869610869,0.021952210212970686,0.012271467032690083,0.013245141018952394,0.025352627586516616,0.02249516189184594,-0.006984952938900851,0.012074553433917562
Average,-0.007364433711952306,0.019798208913433132,-0.0347020125277298,0.01650494890438982,0.012824600581488772,0.02433710667929327,0.03180687707988751,0.013591418246296363,-0.0025650314216941836,0.004474690683036377
