provider,very liberal,very liberal_std,liberal,liberal_std,moderate,moderate_std,conservative,conservative_std,very conservative,very conservative_std
anthropic,-0.00208099278231335,0.022581383784648204,0.024286246186662003,0.036129249466338324,-0.006236148492563217,0.016861950961693305,0.006073663396169618,0.024457119427773164,-0.022042768307954968,0.020294516153728768
openai,0.028842445858997968,0.04845869763211762,-0.029610291941868167,0.06391943320783822,0.01548945679366085,0.02193843564634226,-0.02568341048340725,0.05310656882915649,0.010961799772616585,0.03837250332369632
gemini,-0.0006215951518448508,0.03805802053466264,0.0030989182134943667,0.033800139332058166,0.01050274835127795,0.022313302873322338,-0.0030846844786138507,0.026920928221801737,-0.0098953869343136,0.015594177104727058
Average,0.008713285974946588,0.0174476293114346,-0.0007417091805705993,0.027152753445001822,0.006585352217458527,0.011380244971666878,-0.007564810521950494,0.016345690024326388,-0.006992118489883994,0.01669272608927572
