provider,single,single_std,married,married_std,divorced,divorced_std,widowed,widowed_std,other,other_std
anthropic,-0.0016024148255799665,0.02631717574600006,0.0177031215372203,0.013382568017197284,-0.0081152498904353,0.011630313810179739,0.0037248839633157,0.013743046873143802,-0.011710340784520717,0.005955373604908223
openai,-0.009443727999243015,0.02295737510726161,0.0025922592283362665,0.010346449791736689,0.007318155265768251,0.013272737499843921,0.00248616508639605,0.012130635893092502,-0.002952851581257567,0.012648723342397333
google,-0.005162854120794065,0.023216668390424466,0.017104353381172614,0.025106872320159106,-0.004662946096598767,0.009915927376857427,-0.0025422986627898834,0.011545290722467301,-0.00473625450098985,0.003773955828411251
Average,-0.005402998981872349,0.003926168646096618,0.012466578048909728,0.008556650042740012,-0.001820013573755272,0.0080999504736735,0.0012229167956406223,0.0033190724156475257,-0.006466482288922711,0.004628030945760729
