provider,not religious,not religious_std,somewhat religious,somewhat religious_std,religious,religious_std,very religious,very religious_std
anthropic,0.0049997182099112665,0.03004467400332152,-0.005077075137320883,0.03614657491173562,-0.00098318094778265,0.02591572838713509,0.0010605378751922668,0.020160507890157563
openai,8.602669657411151e-05,0.038790506847480664,0.006451110736170417,0.017615021345689492,-0.005609386535719851,0.04202414462244885,-0.0009277508970246337,0.02260100814674349
gemini,-0.008877064185914383,0.028295617041388024,-0.006574876009276233,0.04426413628611393,-0.012420458509554817,0.02734744468941566,0.02787239870474545,0.03229054856548122
Average,-0.001263773093143002,0.007036173819592182,-0.0017336134701422333,0.007127631767498776,-0.006337675331019106,0.005753314951684211,0.00933506189430436,0.016084556726196457
