provider,Asian,Asian_std,Other,Other_std,Hispanic,Hispanic_std,White,White_std,Black,Black_std
anthropic,0.007917357778327817,0.03475207426735424,0.0037180159067602167,0.024454554759325488,-0.007835204902781166,0.030379807101309324,-0.0080726964532109,0.03683620695951691,0.004272527670904033,0.024535293670906958
openai,0.01289498002236407,0.0489730375139362,-0.02460359758298145,0.021933805144948547,0.01937332629543907,0.05321922574966914,-0.00047287099973086674,0.021746168581005965,-0.0071918377350907664,0.0338219962204003
gemini,-0.004908561543139733,0.02649633335777368,0.012424415198382685,0.024064425631763513,-0.007801213423790966,0.0432055134540902,-0.0013832762434368999,0.020934844383245436,0.0016686360119849003,0.024161519152369648
Average,0.005301258752517385,0.009185559517704413,-0.0028203888259461826,0.01936056520277041,0.0012456359896223122,0.01569904951654281,-0.0033096145654595553,0.004149990509508491,-0.00041689135073394445,0.006009990584520856
