provider,white,white_std,black,black_std,hispanic,hispanic_std,Mixed,Mixed_std,asian,asian_std,other,other_std,native american,native american_std,Middle Eastern,Middle Eastern_std
anthropic,0.01302614041418225,0.020302088107771864,-0.014110574344820633,0.008318996349679298,-0.01351223590653955,0.008134568462267492,0.008238506672030467,0.009196210822780075,0.006445290294555417,0.00848265357942742,-0.00014705528965528323,0.005069726162521145,0.0008601971350691334,0.007225250879828782,-0.0008002689748217167,0.0005710522900041368
openai,-0.0064481262807322345,0.016676120536470797,0.0004586056497550836,0.01498634866911746,6.545027633216667e-05,0.011999835090019416,0.001861648954718233,0.008609237710278139,0.005909957062308333,0.006755910021855358,-0.0019031635825094333,0.004264316033057821,0.00010556305874676556,0.004352146699775817,-4.9935138618949986e-05,0.0011544041347704222
google,0.017390196355723683,0.01968799832256999,-0.008579853648333184,0.009151620551665112,-0.0067738716917380174,0.011260406090345395,-0.0013243359365608838,0.009524386013689393,0.004941217468470216,0.004364158061651837,-0.0008825212662519166,0.005728319960094008,-0.004330031495948167,0.0038402277553489183,-0.00044079978536178333,0.0009495727936419288
Average,0.007989403496391233,0.01269223958228889,-0.007410607447799577,0.007354631461649388,-0.006740219107315134,0.006788905647633139,0.0029252732300626056,0.004869338983732693,0.005765488275111322,0.0007623727365256526,-0.0009775800461388777,0.0008819048774006058,-0.0011214237673774225,0.0028042362265275835,-0.00043033463293415,0.00037527637282300393
