provider,less than high school,less than high school_std,high school,high school_std,some college,some college_std,college,college_std,postgraduate,postgraduate_std
anthropic,-0.0033640465411694663,0.0025145018368107866,-0.04489340991787024,0.017810105363928033,-0.04309291812214568,0.022892029958075665,0.03270193876807743,0.028027068220061468,0.05864843581310797,0.019550818309527224
openai,0.0015384620135421498,0.007300869213847087,-0.022623392994360267,0.011361559163950562,-0.00025263457130863306,0.016539233926336695,0.001844257701454067,0.01998014069450895,0.0194933078506727,0.024204232444347405
google,-0.0011594108954832833,0.004656930313021858,-0.01939641855181495,0.017836616351041144,-0.0027200303827818336,0.0116269691670003,0.0035204380587947337,0.018342794605712455,0.01975542177128535,0.015394192402208528
Average,-0.0009949984743702,0.0024553861438513787,-0.028971073821348486,0.013883224808781276,-0.015355194358745383,0.024053232635212363,0.012688878176108745,0.017352070217727368,0.03263238847835534,0.022530939064315803
