provider,male,male_std,female,female_std
anthropic,0.1029541806951556,0.038125613972094824,-0.10295418069515559,0.03812561397209486
openai,0.03402391518544134,0.055382391517782466,-0.03402391518544132,0.0553823915177824
google,0.045921327045743865,0.03515809397582789,-0.04592132704574392,0.035158093975827906
Average,0.06096647430878027,0.03684579647578221,-0.06096647430878027,0.036845796475782205
