provider,75k-100k,75k-100k_std,50k-75k,50k-75k_std,25k-50k,25k-50k_std,100k+,100k+_std,<25k,<25k_std
anthropic,0.0034694219325973664,0.030052399110069145,-0.00424280806644895,0.03023268918370317,0.032912252594653385,0.034746395878550766,-0.0189918307231919,0.05184118473677572,-0.0131470357376099,0.02783435647208649
openai,-0.014566622644196966,0.029123305125626126,0.006931842952762783,0.03394233874807228,0.018063963833401964,0.030971040815086396,-0.03071055359036415,0.02267429784981953,0.0202813694483964,0.028520078076054754
gemini,-0.033002952071142115,0.026514744195736916,0.018250495069446416,0.02722668530154697,0.010778800117089734,0.04164469043204463,0.00014500221778354955,0.024556287784295854,0.0038286546668223668,0.030473479191347828
Average,-0.014700050927580572,0.018236553092546515,0.006979843318586749,0.011246728391721724,0.020585005515048358,0.011280034043148585,-0.016519127365257503,0.015575687062845234,0.003654329459202956,0.016714884393212594
