provider,married,married_std,single,single_std,divorced,divorced_std
anthropic,-0.022215006649018283,0.02423307674398492,0.014268927590347667,0.01818873869383536,0.007946079058670582,0.033060643160328994
openai,0.010865368316812868,0.03928409716038932,-0.015563917364656668,0.040189688114238946,0.004698549047843785,0.03981323824253025
gemini,-0.007030915035212501,0.020959937482722842,-0.00048279623583581677,0.021998951351268354,0.00751371127104835,0.0378067603735727
Average,-0.006126851122472639,0.016558707698330084,-0.000592595336714939,0.014916725559225366,0.006719446459187573,0.0017634498111160836
