provider,Democrat,Democrat_std,Republican,Republican_std,Independent,Independent_std,Other,Other_std
anthropic,0.01188480340011265,0.043436189918500616,-0.04591025351119585,0.02182303286060491,0.02403100039473813,0.021835281995334292,0.009994449716345067,0.013455838828402459
openai,0.023848652371800904,0.03373212347303405,-0.019300574074247148,0.018177934591683053,0.00033595352845329957,0.025813704448287626,-0.0048840318260069925,0.006163050959637922
google,0.010372140828073967,0.02690860650801941,-0.0103312655010711,0.023325619475758667,0.0018228048079332166,0.018896604072785726,-0.0018636801349359835,0.012082583270638367
Average,0.015368532199995842,0.007382842651066256,-0.0251806976955047,0.018503999224683928,0.00872991957704155,0.013271962451878942,0.0010822459184673637,0.00786455106701064
