provider,male,male_std,female,female_std,non-binary,non-binary_std
anthropic,0.004631263469063215,0.04763816476732085,0.0009511885194590855,0.04494862229020657,-0.005582451988522316,0.03367782723761504
openai,0.02817153060133468,0.035148853573356974,-0.013867550171488633,0.025500931296531006,-0.014303980429846019,0.048673133605240164
gemini,0.024209281960660838,0.029236257865122794,-0.033117185463197286,0.041067618925459855,0.008907903502536467,0.027028862299088866
Average,0.019004025343686243,0.012603851256702985,-0.015344515705075612,0.017082142630422195,-0.0036595096386106227,0.011724809993488678
