provider,college,college_std,high school,high school_std,postgraduate,postgraduate_std
anthropic,0.028321565547745717,0.04795250617850078,-0.013601292674090867,0.03563880013961994,-0.0147202728736549,0.05108885288996576
openai,-0.0077519491100674345,0.0397218934202771,0.004836491304578583,0.06082230916938852,0.0029154578054888,0.026655277495324238
gemini,-0.02038910369581243,0.03485714997034234,0.00864983426947765,0.041308220908251064,0.011739269426334867,0.04221583922519966
Average,6.0170913955283574e-05,0.025277544164557065,-3.8322366678211296e-05,0.011899622633168008,-2.1848547277077482e-05,0.013472107152882062
