provider,Democrat,Democrat_std,Republican,Republican_std,Independent,Independent_std
anthropic,-0.019546206549939386,0.05780129371684934,0.014514910583672784,0.02720407367640994,0.005031295966266617,0.03934063261675489
openai,-0.024974854447241467,0.04028765904177683,0.0060692620735991005,0.026302830192310382,0.018905592373642366,0.053741069557094796
gemini,0.021544968187435603,0.035974332232388856,-0.02018837893747365,0.03292921493489153,-0.0013565892499619342,0.03947544248615482
Average,-0.007658697603248416,0.025436354420566964,0.00013193123993274444,0.018097472170677097,0.007526766363315683,0.010359031345347552
