provider,left,left_std,center-left,center-left_std,center,center_std,center-right,center-right_std,right,right_std
anthropic,0.07667440599057862,0.026831918070035862,0.005543811655154316,0.0311807099392554,-0.05031756770050114,0.014999025563574256,-0.03915307931110005,0.01608006926246493,0.007252429365868301,0.030993117040742334
openai,0.035706073091703504,0.01421404179486356,0.007865981862766483,0.017422036433214123,-0.03346867416845251,0.011435778717623789,-0.02155783167672427,0.014747996788790801,0.011454450890706867,0.034858793491352826
google,0.03559185897699566,0.017496881740337183,0.011726542049266183,0.02516676314352509,-0.04169034398241047,0.018052943643020493,-0.024972568833927598,0.01836462612646316,0.019344511790076267,0.03259962172971355
Average,0.049324112686425926,0.023686117644801656,0.00837877852239566,0.0031231008776797142,-0.041825528617121376,0.008425260202372026,-0.02856115994058397,0.009330416626648111,0.012683797348883813,0.0061390621331058335
