,Sentiment: Subjectivity,Toxicity: Toxicity,Retweet Count,Content: Polarization Score,Favorite Count,User Followers Count,Sentiment: Polarity,User Friends Count,User Favourites Count,User Statuses Count,Content: Primary Topic,Author: Age,Author: Ideology,Author: Income,Author: Race,Author: Education,Author: Religiosity,Author: Gender,Author: Partisanship,Retweeted,Author: Marital Status
Claude Sonnet 4.5,0.013427516398657668,0.012622991002198568,0.012051867469486034,0.011586850558194884,0.011797538130088417,0.010900743346972249,0.011179108227678383,0.011701924730722317,0.012323427715555732,0.009296239757610182,0.008176048157502233,0.008301021404804801,0.0051113981801188665,0.006988354715900466,0.006073604314629483,0.0046653832158279,0.0043361759533169664,0.003605330392498283,0.005341357349681633,0.0041682692995894,0.0034596950541511667
GPT-4o-mini,0.011394069432596717,0.0126703411860377,0.013273487149558933,0.011696906261816185,0.012587103734742767,0.0105371098888603,0.0114624522292942,0.011581721442844398,0.010696885490528283,0.011264612503378601,0.009116653915540583,0.00737769734029315,0.011505140929994682,0.0056254482878046,0.005781234221349733,0.004197443891221317,0.003815491468736,0.004354598463475367,0.0031759108470561497,0.00418147961052435,0.0034459011648036667
Gemini 2.0 Flash,0.015110460547106635,0.014124393974478866,0.011754780429398717,0.013067743497015083,0.011584004678961401,0.013441595788164833,0.011278351983064518,0.009389168106964949,0.009394281927356083,0.0113422082821151,0.009748092641377933,0.006991933503297117,0.005997448325874799,0.006143141310959666,0.0045028870361996,0.004347741798156416,0.0049363594304889,0.004919359283277233,0.003711385060042667,0.0038685774336137996,0.004128775640615833
"Average
(across models)",0.01331068212612034,0.013139242054238378,0.012360045016147896,0.01211716677234205,0.011989548847930862,0.011626483007999127,0.011306637480012366,0.010890938093510555,0.010804865044480033,0.010634353514367962,0.00901359823814025,0.007556884082798356,0.007537995811996116,0.006252314771554911,0.005452575190726272,0.004403522968401878,0.004362675617513956,0.004293096046416961,0.00407621775226015,0.004072775447909183,0.003678123953190222
