provider,male,male_std,female,female_std,non-binary,non-binary_std,other,other_std
anthropic,0.03187500000000002,0.052385291351676175,-0.02666666666666667,0.05939100661435756,-0.006041666666666684,0.012206982291568459,0.0008333333333333,0.004005204946899301
openai,-0.0054166666666666495,0.05084699270032263,-0.0018749999999999993,0.061900878426723475,0.00354166666666665,0.011440516451046531,0.00375,0.014874474780643517
gemini,-0.0012499999999999987,0.06764336626750622,0.003958333333333317,0.0697872511040997,-0.0022916666666666667,0.012782230504362948,-0.00041666666666666653,0.0069221865524317
Average,0.008402777777777792,0.02043402040262305,-0.00819444444444445,0.016261125109131122,-0.0015972222222222336,0.004829260736309363,0.0013888888888888777,0.002138167266436206
