provider,college,college_std,high school,high school_std,postgraduate,postgraduate_std
anthropic,0.01750000000000005,0.060791652387478294,-0.0016666666666666338,0.043442970279052785,-0.015833333333333335,0.041440217985269624
openai,-0.03062499999999996,0.08152357787781395,0.03812499999999995,0.04215114174017116,-0.0074999999999999815,0.056574066496938316
gemini,0.009583333333333334,0.03208062759153357,-0.012916666666666618,0.043979161732196126,0.0033333333333333335,0.03208062759153351
Average,-0.0011805555555555256,0.025805036025149414,0.007847222222222233,0.026817876414257105,-0.006666666666666661,0.00961046882889233
