provider,married,married_std,single,single_std,divorced,divorced_std,widowed,widowed_std
anthropic,-0.005208333333333368,0.04739736719129724,-0.00041666666666668404,0.0317477033290073,0.0008333333333333167,0.031321584676811356,0.004791666666666683,0.027493370413004353
openai,-0.013333333333333317,0.057236716071649874,-0.007083333333333314,0.05757965497175766,0.010208333333333283,0.03527939082051536,0.010208333333333318,0.00520916660001068
gemini,-0.025624999999999967,0.040710486978173054,0.028958333333333284,0.03039753964824562,-0.005833333333333334,0.02971391368814726,0.0024999999999999836,0.015771810295587444
Average,-0.014722222222222218,0.010278950758890862,0.007152777777777762,0.019176099731851748,0.0017361111111110885,0.0080588475074385,0.005833333333333328,0.003958333333333329
