provider,White,White_std,Hispanic,Hispanic_std,Black,Black_std,Asian,Asian_std,Other,Other_std
anthropic,0.02666666666666667,0.037796053585879404,0.0033333333333332832,0.0275302863527909,-0.016041666666666617,0.01258512680375794,-0.008541666666666684,0.017128497209815744,-0.005416666666666683,0.012640872860157477
openai,-0.0177083333333333,0.052852487327151074,0.02333333333333328,0.04300920444122009,0.0029166666666666837,0.02530645503950846,-0.006041666666666649,0.013191300795094691,-0.0025000000000000005,0.013346347815039088
gemini,-0.01375,0.03475809258287908,0.0033333333333333496,0.024259877713349327,0.0020833333333333333,0.02402689465300638,0.0027083333333333824,0.028288874432657516,0.005624999999999983,0.03322038154506953
Average,-0.001597222222222211,0.024557130574174104,0.009999999999999969,0.011547005383792493,-0.0036805555555555337,0.010713142024496667,-0.003958333333333317,0.005907269532815791,-0.0007638888888888999,0.00572190195975403
