provider,Democrat,Democrat_std,Republican,Republican_std,Independent,Independent_std,Other,Other_std
anthropic,0.002291666666666649,0.022904921232492065,-0.013958333333333316,0.024217977138205917,0.018749999999999965,0.03786489139031032,-0.0070833333333333,0.0223839600309388
openai,-0.0010416666666666675,0.04019807727574374,-0.009791666666666634,0.01747170331326243,0.0066666666666666844,0.047114665091313776,0.004166666666666649,0.020150475594056486
gemini,-0.007708333333333351,0.0293621425762267,-0.010416666666666666,0.020243311652658677,0.00020833333333334985,0.010765008902303171,0.017916666666666633,0.01552551663123216
Average,-0.00215277777777779,0.005091750772173157,-0.011388888888888872,0.002247040234356034,0.008541666666666666,0.009411964165063735,0.004999999999999994,0.012520816001097232
