provider,50k-75k,50k-75k_std,25k-50k,25k-50k_std,75k-100k,75k-100k_std,<25k,<25k_std,100k+,100k+_std
anthropic,-0.0027083333333333174,0.0245129642570348,0.0047916666666667,0.03514627173210071,-0.0006250000000000162,0.03632965386567833,-0.008749999999999983,0.03031088913245532,0.007291666666666631,0.03136894031787915
openai,0.00020833333333331616,0.042222747621000055,-0.0002083333333333335,0.04425364862547113,-0.0022916666666666836,0.03071457987123804,0.006458333333333348,0.04454924709427382,-0.004166666666666666,0.036500570771792945
gemini,-0.0047916666666666325,0.017417962471731996,0.0060416666666666665,0.03212686440763657,-0.0158333333333333,0.015605821563335462,0.02249999999999995,0.018607794065928364,-0.007916666666666648,0.03912852753000887
Average,-0.0024305555555555448,0.002511547405559019,0.0035416666666666778,0.0033071891388307445,-0.0062499999999999995,0.00834114217465314,0.006736111111111105,0.015626851742125455,-0.0015972222222222275,0.007923060283707225
