provider,somewhat religious,somewhat religious_std,not religious,not religious_std,religious,religious_std,very religious,very religious_std
anthropic,-0.019999999999999987,0.04519402615390663,0.010416666666666685,0.023870309312337454,0.006250000000000017,0.047526308503817026,0.0033333333333333006,0.021674678006066553
openai,-0.0114583333333333,0.06913942736721694,0.024166666666666652,0.017296435085492785,-0.008749999999999982,0.03855191305240246,-0.003958333333333283,0.0358592445077509
gemini,-0.04208333333333327,0.029566309655867887,0.01520833333333335,0.03550014671331184,0.0031249999999999997,0.03473785759081869,0.023749999999999966,0.034838915023289674
Average,-0.024513888888888852,0.015803608794383812,0.016597222222222232,0.006979425782917891,0.00020833333333334495,0.007913924963842738,0.0077083333333333275,0.014362917627619286
