provider,very liberal,very liberal_std,liberal,liberal_std,moderate,moderate_std,conservative,conservative_std,very conservative,very conservative_std
anthropic,0.017916666666666633,0.033537913868734684,-0.014374999999999985,0.019328573408298917,-0.004375000000000017,0.03928064090617661,0.008958333333333318,0.02835507744067483,-0.008124999999999952,0.02246872826841784
openai,0.017499999999999984,0.03153371211893708,0.002083333333333317,0.019083151381956404,-0.02124999999999998,0.02205107707119988,-0.0008333333333333503,0.030038170161756916,0.0024999999999999662,0.019700888304845534
gemini,0.0008333333333333503,0.013934369977385622,0.03,0.05384584477933276,-0.015833333333333352,0.04694855340334417,-0.0158333333333333,0.01916485498684155,0.0008333333333333665,0.028740940601634218
Average,0.012083333333333323,0.009745012969605392,0.005902777777777778,0.022432705435326963,-0.013819444444444448,0.00861587010072647,-0.002569444444444444,0.012486682720817795,-0.0015972222222222065,0.005714311549214052
