,Content: Polarization Score,Sentiment: Polarity,Toxicity: Toxicity,Sentiment: Subjectivity,Content: Primary Topic,Author: Age,Author: Religiosity,Author: Education,Author: Income,Author: Ideology,Author: Marital Status,Author: Race,Author: Partisanship,Author: Gender
Claude Sonnet 4.5,0.018831413981926916,0.018998577001325467,0.020943077534313514,0.01732017198606955,0.015434503595454766,0.010389201681674683,0.010286048219913984,0.010584567618879133,0.008708395030840784,0.01009643178648555,0.008257941116495,0.0076933003318682665,0.008808492615931467,0.0077638677147523
GPT-4o-mini,0.021078218778355053,0.018316577963689417,0.0187264656960404,0.019233071892656366,0.015225200263019233,0.0113263200083386,0.010480389956288983,0.012375100949936333,0.0110623414450283,0.009240329617825083,0.01001811670082525,0.010715469265348334,0.007530744220320233,0.00738803327352585
Gemini 2.0 Flash,0.019765155008439766,0.021098353438755865,0.01796714459211035,0.019753925121259248,0.018086744994083952,0.009970413556278583,0.010407536062611416,0.006830133851183684,0.009915946470070049,0.009465196002673716,0.009472243757836151,0.009177819183645049,0.007438756735625968,0.0085402723772462
"Average
(across models)",0.019891595922907245,0.019471169467923582,0.019212229274154755,0.01876905633332839,0.016248816284185983,0.010561978415430622,0.010391324746271462,0.009929934139999716,0.00989556098197971,0.009600652468994783,0.009249433858385468,0.00919552959362055,0.007925997857292555,0.00789739112184145
