provider,very liberal,very liberal_std,liberal,liberal_std,moderate,moderate_std,conservative,conservative_std,very conservative,very conservative_std
anthropic,0.021398565348855102,0.033432130477685,-0.011869523544482917,0.029183044477986128,0.016693946534785533,0.02492724591672114,-0.015116311624139752,0.02749446589638354,-0.011106676715017999,0.035334355059110194
openai,-0.017621960883300234,0.04722515369425903,0.009933417112069567,0.029549308879685036,-0.012633730832163534,0.027586401809064773,-0.0046037555149751495,0.02500411440159903,0.0249260301183694,0.027409801148895026
gemini,-0.015156878805487967,0.037202896360362045,0.0009374218631801996,0.021565121258029115,0.0034840057459521664,0.015184708399727066,0.01578687749697383,0.03764298456365943,-0.005051426300618249,0.02947122316332111
Average,-0.0037934247799776993,0.021851691751463887,-0.0003328948564110501,0.010956839587414892,0.0025147404828580553,0.014687844338011104,-0.0013110632140470233,0.01571251543850544,0.0029226423675777166,0.019294515251206474
