provider,not religious,not religious_std,somewhat religious,somewhat religious_std,religious,religious_std,very religious,very religious_std
anthropic,-0.01411799983916335,0.0460091020548649,-0.005290694962483349,0.03771021099148708,0.021124078516295386,0.04052701534012647,-0.0017153837146486656,0.04582556659150475
openai,-0.013876034392179349,0.032520581746700424,-0.01034737159566935,0.054703669039507484,0.012470452936008567,0.027504170198212337,0.011752953051840183,0.04711020084013243
gemini,-0.01972567667779657,0.029771852329634408,0.003840315269785883,0.022417435077775404,0.023824538552468518,0.04019829487114005,-0.007939177144457766,0.03353964598296636
Average,-0.015906570303046423,0.0033096551097699664,-0.003932583762788939,0.007190685931891635,0.019139690001590826,0.005931455418313807,0.000699464064244584,0.010065714841152942
