provider,Democrat,Democrat_std,Republican,Republican_std,Independent,Independent_std
anthropic,0.022605155369130867,0.03332623529590977,0.0018469610951802166,0.02996858583146541,-0.02445211646431113,0.04505052257271758
openai,-0.010030123181612517,0.05075779789684635,-3.7035385897249126e-05,0.021171151746552423,0.010067158567509749,0.03949683288753524
gemini,-0.010210400720195335,0.044227962728183585,-0.012662410512576815,0.04218411757500291,0.02287281123277213,0.0286333542496329
Average,0.0007882104891076715,0.01889424351280588,-0.0036174949344312825,0.00788956488325008,0.002829284445323583,0.024478609268910656
