provider,college,college_std,high school,high school_std,postgraduate,postgraduate_std
anthropic,-0.01164823541751802,0.035785021979112513,0.02133472081710915,0.04941307732844188,-0.009686485399591117,0.037641640107366946
openai,-0.005183688948438699,0.04372215572240248,-0.01490162160770965,0.026866824075061257,0.020085310556148348,0.04874795940052133
gemini,-0.0030824242925671674,0.019536345660138815,-0.007113426644860965,0.034014759797609505,0.010195850937428115,0.04205762573114119
Average,-0.0066381162195079625,0.004464280353226647,-0.00022677581182048868,0.01907452746084011,0.0068648920313284486,0.015162830343743206
