provider,<$30k,<$30k_std,$30-60k,$30-60k_std,$60-100k,$60-100k_std,$100k+,$100k+_std,Prefer not to say,Prefer not to say_std
anthropic,-0.004318597127976383,0.020609572284739353,-0.04817212602754838,0.02679086728993251,0.016164077858000298,0.026609166137917636,0.044370581783979034,0.0263149741583626,-0.008043936486454517,0.004685472331452754
openai,0.011414389317110215,0.026558802618087,-0.02212430897616885,0.019405231907499706,-0.00453227953297795,0.02119525809308785,0.024764615031893183,0.02842324509092174,-0.009522415839856633,0.009839887088432515
google,0.007995295288163833,0.021126880755048354,-0.03922293103195968,0.012942069219364584,0.010163450900536367,0.014908088554386103,0.026624790083894265,0.01879021491411465,-0.0055606052406348,0.00799431754111948
Average,0.005030362492432555,0.008274952294891,-0.03650645534522564,0.013234675039569255,0.007265083075186238,0.01064824888665003,0.03191999563325549,0.010822563671721382,-0.007708985855648651,0.0020020314058062506
