provider,single,single_std,married,married_std,divorced,divorced_std,widowed,widowed_std,other,other_std
anthropic,0.0015402536883448333,0.04935175226797339,0.019699483852905802,0.024588610250938482,-0.0102202250529883,0.018708552940864643,-0.009035495323237384,0.012855472936440251,-0.0019840171650249727,0.011957620487942197
openai,-0.025980014199545046,0.022645800051059515,0.009509003166692932,0.0276262510667433,0.010798001724553833,0.015227051049927864,-0.0027189295678022828,0.008932123634191783,0.008391938876100484,0.00211561892385971
google,-0.007341428893879399,0.03766549402173726,0.01905309727999745,0.033347567116468475,-0.014568032492314835,0.012286577865024961,0.0017616956881720339,0.013505428470115237,0.0010946684180247164,0.013569484721867552
Average,-0.010593729801693203,0.014045439902385777,0.016087194766532063,0.005706041311062741,-0.004663418606916434,0.013565304876123035,-0.003330909734289211,0.00542454820490565,0.0025008633763667428,0.00532899185001177
