provider,male,male_std,female,female_std,non-binary,non-binary_std
anthropic,0.03795482815597168,0.03148874833916551,-0.03289337065748458,0.040746839508500214,-0.005061457498487131,0.039295589545822095
openai,0.009764358127782069,0.040908032483882195,0.0003162089069730165,0.01794230677318451,-0.01008056703475505,0.03687644294591426
gemini,0.029280225955130353,0.03027541366099131,-0.022182417358080336,0.03158313101751985,-0.007097808597050015,0.029277621082082716
Average,0.025666470746294703,0.014438492654519179,-0.0182531930361973,0.01694987157888719,-0.007413277710097398,0.0025243822422979186
