provider,less than high school,less than high school_std,high school,high school_std,some college,some college_std,college,college_std,postgraduate,postgraduate_std
anthropic,-0.0039263546614267866,0.0025265036981921077,-0.0378331505795068,0.013544922937466168,-0.03902822531906013,0.015935556650751033,0.022442645473008633,0.02469077188093979,0.05834508508698515,0.028113688856465088
openai,-0.0012630434729946666,0.004204142908945805,-0.018460065238687765,0.014959517254074751,-0.017698019328880318,0.02918262683747204,0.005265786502223914,0.019729132726439377,0.032155341538338884,0.042362318795708134
google,-0.003962373249313541,0.0032765042894364704,-0.018233546372999967,0.012604600036423153,0.002529270438781133,0.021727899075896825,-0.0050904766460960335,0.02828739382438594,0.024757125829628534,0.02751043365327566
Average,-0.003050590461244998,0.0015481658538640045,-0.02484225406373151,0.011251016483492282,-0.01806565806971977,0.02078118697520845,0.007539318443045504,0.01390664999274932,0.03841918415165086,0.017648358138413877
