provider,Asian,Asian_std,Other,Other_std,Hispanic,Hispanic_std,White,White_std,Black,Black_std
anthropic,-0.007804647883110583,0.01943087842410786,-0.010061757684031884,0.03190264640773633,0.018690311117481314,0.034593895803468146,0.0006924332852048665,0.021783843126887886,-0.0015163388355437328,0.017044794093079282
openai,0.011018381102379399,0.033414233483384514,-0.0082051716715467,0.020454282816593974,-0.0191141894349671,0.031165615692317086,0.0122542998597319,0.019297446554411932,0.0040466801444025,0.021189030368045016
gemini,0.005521791596955251,0.03098126786165735,0.012648171294907981,0.034007360488771884,-0.02858434182343468,0.03132030275316036,0.007339228115059666,0.027799255657524283,0.0030751508165117506,0.039490697631175777
Average,0.002911841605408022,0.009679126213968492,-0.0018729193535568667,0.012609848655758675,-0.009669406713640156,0.02501251972834447,0.006761987086665477,0.005802507654061092,0.001868497375123506,0.0029713304155749957
