provider,left,left_std,center-left,center-left_std,center,center_std,center-right,center-right_std,right,right_std
anthropic,0.058029565978560745,0.0289505206950191,0.02933136613090333,0.030226044717147328,-0.0546695598413818,0.021888563480225897,-0.04515122858951585,0.015949480052887963,0.012459856321433585,0.03739066503015818
openai,0.031093166094903285,0.011116893597606288,0.0055662895101124335,0.023338622499305437,-0.03550759064951333,0.022919727276254968,-0.013553412644429469,0.01919871646156176,0.012401547688927116,0.03399267019182498
google,0.03658020093797571,0.012036412161498413,0.018359318198318115,0.020811371552349037,-0.06392247003115413,0.02053592918091507,-0.019988204797372015,0.015572825569393444,0.028971155692232315,0.024311438692546924
Average,0.04190097767047991,0.014234655192555385,0.017752324613111294,0.011894160231280608,-0.05136654017401642,0.014492542798299778,-0.026230948677105778,0.016698334691994103,0.017944186567531006,0.009549679891598105
