provider,married,married_std,single,single_std,divorced,divorced_std
anthropic,-0.0018085022706465501,0.03372898383621104,0.01721393476937423,0.0426670672250256,-0.015405432498727667,0.03420368634218615
openai,0.005992928026710348,0.049592598968271034,-0.01979999068948855,0.02535477606038135,0.013807062662778152,0.0345752379291977
gemini,-0.021893632366920216,0.03806374870836691,-0.003870982541456731,0.0586568490583166,0.025764614908377014,0.03313379020040077
Average,-0.005903068870285473,0.014387118174813892,-0.0021523461538570164,0.018566716261718144,0.008055415024142499,0.021179100282945895
