provider,white,white_std,black,black_std,hispanic,hispanic_std,Mixed,Mixed_std,asian,asian_std,other,other_std,native american,native american_std,Middle Eastern,Middle Eastern_std
anthropic,0.0038111312465434603,0.008997219092749257,-0.006668423498672401,0.011211460472305979,-0.018304599830909284,0.003634531980976345,0.008573979227715233,0.005500825661684898,0.016798150563180136,0.00973424104123738,-0.0014196756259848501,0.00540649247430598,-0.00161673832133465,0.005416663804789415,-0.0011738237605375833,0.0003404150003129369
openai,0.0008059128562492003,0.026851508497933566,-0.006971368234866133,0.019441615657998092,-0.0058023400625683,0.012757327856046267,0.005492603381903733,0.015973241900504448,0.0067705867060428,0.004533706715173279,-0.00260207892193965,0.0017870420676259324,0.00302110811760365,0.0078377454278435,-0.0007144238424252666,0.0005517982463990026
google,0.000497084959028584,0.03102684836457156,-0.004462285143188549,0.02470759586859728,-0.008046622878450966,0.014503744632089697,0.004439132033419558,0.01093601901763488,0.006437933369209184,0.010330772853801249,0.0005585465472790664,0.008569096610334863,0.0016638444548741334,0.006452669137910881,-0.0010876333421710501,0.0003529156643305688
Average,0.0017047096872737481,0.0018307382408587554,-0.006034025625575694,0.0013695692703466313,-0.010717854257309518,0.00666545067030867,0.006168571547679508,0.002148706599538523,0.010002223546144039,0.0058877952220069175,-0.0011544026668818112,0.0015969238072907454,0.001022738083714378,0.0023844638668156395,-0.0009919603150446335,0.0002441865419716039
