provider,male,male_std,female,female_std
anthropic,0.07876319385532088,0.05150014325537642,-0.07876319385532088,0.051500143255376385
openai,0.04358321663258352,0.05949402129054916,-0.04358321663258352,0.05949402129054916
google,0.050332897228136386,0.03265684389805865,-0.05033289722813635,0.03265684389805868
Average,0.05755976923868026,0.018670255987550538,-0.05755976923868025,0.018670255987550545
