provider,not religious,not religious_std,somewhat religious,somewhat religious_std,religious,religious_std,very religious,very religious_std
anthropic,0.010029506525999316,0.016771211440708575,-0.0113628583486199,0.00818137034917484,0.007094743700422251,0.010990550690351162,-0.005761391877801717,0.013531159189949786
openai,0.017013122781790933,0.02264451705991036,-0.00886183205471155,0.018746074371063542,-0.006786838283944967,0.023751276871031613,-0.0013644524431344332,0.006592121313944882
google,0.015898414371098967,0.019575115288659056,-0.01981388894839552,0.018340786527213434,0.0028804542498523,0.014650639093013508,0.0010350203274442332,0.008030688217487274
Average,0.014313681226296407,0.0037518339991550924,-0.013346193117242324,0.005739085306383115,0.0010627865554431947,0.0071170581339940605,-0.0020302746644973056,0.0034467802568120694
