provider,Democrat,Democrat_std,Republican,Republican_std,Independent,Independent_std,Other,Other_std
anthropic,0.017081927620744782,0.031032422255911893,-0.035420715333231705,0.031821952236694935,0.02149606165162603,0.01738396519355037,-0.00315727393913915,0.0063246091508368345
openai,-0.002474346837119916,0.014874846700709585,-0.012570911796604065,0.011504454140738437,0.019627517729081802,0.014315036746732384,-0.004582259095357783,0.013611508363626653
google,-0.012650434970450033,0.013784449412153394,-0.0078967197744666,0.0037283558562091336,0.0272109711288933,0.009719833336168701,-0.006663816383976617,0.009146386212809008
Average,0.0006523819377249445,0.015110779957935737,-0.01862944896810079,0.01472827170354811,0.022778183503200378,0.003950957946940395,-0.004801116472824517,0.0017634862894605652
