provider,75k-100k,75k-100k_std,50k-75k,50k-75k_std,25k-50k,25k-50k_std,100k+,100k+_std,<25k,<25k_std
anthropic,-0.006959860898960717,0.026909982374425986,-0.0021300463545273003,0.020975271597053174,0.0039697051115303835,0.039885929251068514,-0.012372901051839818,0.03473663980311052,0.017493103193797467,0.014095550349912233
openai,0.009647045579922917,0.017125693782243795,0.007708028981388667,0.020977772486532157,-0.022112927257055867,0.034353196581801436,0.009565335219660033,0.03838801461577894,-0.004807482523915733,0.0326987901342384
gemini,0.001244309218784198,0.05550025526569556,-0.008257577087522033,0.03265171226305893,-0.0005367757065807161,0.03404168262037419,0.01246900425120597,0.04125586079997059,-0.004918960675887366,0.03647724514375974
Average,0.0013104979665821328,0.008303651089270798,-0.0008931981535535554,0.008054345994002154,-0.006226665950702068,0.013941200309202801,0.003220479473008728,0.01358208233687803,0.0025888866646647897,0.012907550488185027
