,Sentiment: Polarity,User Friends Count,Toxicity: Toxicity,Content: Polarization Score,Sentiment: Subjectivity,Favorite Count,Retweet Count,User Followers Count,User Statuses Count,User Favourites Count,Content: Primary Topic,Author: Age,Author: Ideology,Author: Income,Author: Religiosity,Author: Race,Author: Marital Status,Author: Partisanship,Retweeted,Author: Education,Author: Gender
Claude Sonnet 4.5,0.012675604898099218,0.014056204036854333,0.011381527527173566,0.015384878332584048,0.0114582457231234,0.011528864837601701,0.012915334779970434,0.011173662583544299,0.011145952027991617,0.011171639549976334,0.010219591882945583,0.006942344858206333,0.005920122251958333,0.005554292386381383,0.005896877531379383,0.004063347895405083,0.0042097327021222335,0.0037517692293363835,0.00304181442302215,0.003618549464153083,0.00422588421475475
GPT-4o-mini,0.011210208819095784,0.009724352925866616,0.012946894761852235,0.010864290327346116,0.012510906408153883,0.012856737828605668,0.011761477322512566,0.012022447003807751,0.011009176570831716,0.011067307635586734,0.009961708047520333,0.007668186099794933,0.006188090047853033,0.004967224199471466,0.006058759087213184,0.0050716130602968335,0.004225209454975017,0.0047751151057543,0.005426457583088466,0.00539590759388225,0.0038426458764766664
Gemini 2.0 Flash,0.015199465004832852,0.014565913893018383,0.013536832918034368,0.011004226167735116,0.013021561346513383,0.012378459923929165,0.011387731547255866,0.011896439135876269,0.011387352264179867,0.011027912050903333,0.008530563675278534,0.00608405459025545,0.007022650522991117,0.006916883281276366,0.004557983266362783,0.006069500178549167,0.006155051109767883,0.0044143638493449,0.00398512139283625,0.0033127934402807997,0.003282549811966233
"Average
(across models)",0.013028426240675952,0.012782156951913112,0.012621751735686722,0.012417798275888426,0.012330237825930221,0.012254687530045513,0.012021514549912954,0.011697516241076107,0.011180826954334401,0.011088953078822133,0.009570621201914818,0.006898195182752239,0.006376954274267495,0.005812799955709738,0.005504539961651784,0.0050681537114170274,0.004863331088955044,0.0043137493948118616,0.004151131132982288,0.004109083499438711,0.003783693301065883
