provider,male,male_std,female,female_std
anthropic,0.11117063626622915,0.044559902186977675,-0.11117063626622918,0.04455990218697762
openai,0.048891818225163,0.036818176399592416,-0.04889181822516301,0.03681817639959243
google,0.06431066970969965,0.03398824266250519,-0.06431066970969966,0.03398824266250525
Average,0.07479104140036394,0.03243518825641243,-0.07479104140036395,0.03243518825641244
