provider,male,male_std,female,female_std,non-binary,non-binary_std
anthropic,1.24145963925996e-05,0.030439924964301673,-0.018359869798948283,0.02924825262537996,0.018347455202555717,0.02890318719265364
openai,-0.002144661836007216,0.03663597206698031,-0.009557375941944864,0.05659568513838845,0.011702037777952085,0.054952143793788516
gemini,0.011300548611595134,0.018021454503903328,-0.008720853059515834,0.03889094003472289,-0.002579695552079299,0.044525875667762824
Average,0.003056100457326839,0.007220902901307918,-0.012212699600136328,0.00534001111638152,0.009156599142809502,0.010693262040217786
