provider,college,college_std,high school,high school_std,postgraduate,postgraduate_std
anthropic,-0.004600563253805866,0.025667995030938116,-0.009586661872804268,0.02249514877657533,0.014187225126610067,0.01843050734501839
openai,0.0028875374258753007,0.023312379986793388,-0.005273459432641983,0.02867282348924845,0.002385922006766667,0.023624977203493994
gemini,0.015144280851039566,0.024041765597320325,-0.007001662003478899,0.049544611001716525,-0.008142618847560715,0.042414485506326365
Average,0.004477085007703,0.009967934255267392,-0.007287261102975051,0.0021707381133338564,0.002810176095272006,0.011170965787541063
