provider,less than high school,less than high school_std,high school,high school_std,some college,some college_std,college,college_std,postgraduate,postgraduate_std
anthropic,-0.005595324308416267,0.004510978819316571,-0.05479620463222016,0.02738548369139882,-0.0372074957186517,0.03363539767684732,0.03177310271955958,0.04631690515502713,0.06582592193972857,0.03390877012865515
openai,-0.0027212515920232165,0.0036581191658400835,-0.03579612432784077,0.012445140571980488,-0.006412122357447768,0.015792729182468875,0.017056022205399066,0.023890915391908487,0.027873476071912682,0.02587671813769504
google,-0.0023053374551025166,0.003692579014077206,-0.021394157577576567,0.021129075765404043,-0.014802815913323551,0.0235536804213936,0.016683155128002617,0.01562612343781151,0.021819155818000067,0.027037010606997165
Average,-0.0035406377851806663,0.001791521329456371,-0.03732882884587916,0.016753688376440208,-0.019474144663141006,0.01592026191149632,0.021837426684320423,0.008606567328050764,0.03850618460988044,0.02385245761474396
