provider,single,single_std,married,married_std,divorced,divorced_std,widowed,widowed_std,other,other_std
anthropic,0.012033884478997453,0.046036098350422314,0.006235263361561767,0.03307983963671026,-0.013262931967041633,0.015230513861048518,-0.004726921325420883,0.008945471547769614,-0.00027929454809660003,0.0064798686187855226
openai,-0.01209340282674085,0.03543988549436839,0.019977114231446453,0.02402082805301,-0.0021055320842146333,0.017430835964611653,-0.008113411769563717,0.010102700028241686,0.00233523244907285,0.009473339511122753
google,-0.0048218017083195,0.025144713894577043,0.009573680711298167,0.021813728430501465,-0.0016672601484151164,0.01627168052624176,3.923657309518315e-05,0.009823549465586955,-0.0031238554276587834,0.012684644857178615
Average,-0.0016271066853542993,0.012376835435632531,0.011928686101435463,0.007167227785079766,-0.005678574733223794,0.006571900528770281,-0.004267032173963139,0.004095734643929721,-0.0003559725088941778,0.002730351578775823
