provider,white,white_std,black,black_std,hispanic,hispanic_std,Mixed,Mixed_std,asian,asian_std,other,other_std,native american,native american_std,Middle Eastern,Middle Eastern_std
anthropic,0.017535442355485566,0.019919067820442105,-0.0200958082316454,0.014532405524068502,-0.011997214508800117,0.012632376942870994,0.006210026364922717,0.008739967189364057,0.011917932501773665,0.006238613113936727,-0.0005840938220140001,0.006027834397731616,-0.001884298855021167,0.0035821188022057736,-0.0011019858047011833,0.00043372009175298115
openai,0.006457958702738734,0.015102132634731763,-0.009740066450873816,0.012206034233736063,0.00012617705621396683,0.017280110061252973,0.0018081302393372833,0.01149580056763069,0.0026378767437944504,0.005271712098388933,-0.0019014953114165195,0.005624127164243552,0.0012386583138944,0.004769279045235938,-0.00062723929368845,0.0006194896025701206
google,0.009064296061924416,0.018295672234448158,-0.011057182114376568,0.012937485011563122,-0.008489417985120366,0.013107061410664618,0.0016485723034000838,0.008293154392799535,0.013162962641437617,0.007743526104747808,-0.0037165695126371,0.0046562016183748604,0.0003444262212944002,0.0044564605280678045,-0.00095708761592235,0.00026044851573305667
Average,0.011019232373382907,0.005791717621363503,-0.013631018932298594,0.005637270964879442,-0.0067868184792355055,0.006238452497834955,0.0032222429692200277,0.0025887259218499072,0.00923959062900191,0.005751042920964305,-0.0020673862153558734,0.0015728130315118606,-0.00010040477327745559,0.0016082976496964493,-0.0008954375714373278,0.00024330353145493952
