provider,married,married_std,single,single_std,divorced,divorced_std
anthropic,0.0006044036252261659,0.03500667355656996,0.019792473360408385,0.02588072461329287,-0.020396876985634582,0.0188450461769469
openai,-0.023963282484278,0.018436465764665774,0.0202040697408391,0.02939900420999775,0.0037592127434388826,0.02505856618344735
gemini,0.008024985216118916,0.041681971423410624,-0.007801201611158,0.04429337311535993,-0.00022378360496093375,0.024070804843933164
Average,-0.005111297880977639,0.01674258792418542,0.010731780496696494,0.01605135266115093,-0.005620482615718878,0.01295076978056899
