provider,Democrat,Democrat_std,Republican,Republican_std,Independent,Independent_std
anthropic,0.005001508441882299,0.04152826627570529,-0.001501102304526051,0.04315617989128648,-0.003500406137356216,0.021683481503762658
openai,-0.007537671237831532,0.048643875501486904,-0.0006462139712539496,0.06776669597175365,0.00818388520908545,0.04586960266011058
gemini,2.2366401363449934e-05,0.039848808218505706,0.0016195502387363,0.03690326810440507,-0.0016419166400997662,0.01906240975824608
Average,-0.0008379321315285944,0.00631370271190442,-0.0001759220123479002,0.0016126062659251985,0.0010138541438764895,0.006278575070021803
