provider,left,left_std,center-left,center-left_std,center,center_std,center-right,center-right_std,right,right_std
anthropic,0.07848626122861063,0.03232355231299268,0.0238057187835721,0.0314560841975409,-0.07705876145834492,0.01392971709504981,-0.0392457549461366,0.016284904966910832,0.014012536392298833,0.03871787355274209
openai,0.07553460204960287,0.010529058690550444,0.0136808315796566,0.02761719169159144,-0.05824910697392055,0.019297947890998233,-0.04118916976555212,0.01787832211818471,0.010222843110213231,0.033423561942955184
google,0.046843867682244834,0.0121147203330078,0.013205645246100866,0.01459164749481089,-0.06905282428332493,0.020645204622615057,-0.021057447449188468,0.011211511547800198,0.030060758804167653,0.013491747276168758
Average,0.06695491032015279,0.01747909036434873,0.016897398536443186,0.005987496721549665,-0.0681202309051968,0.009439442423287129,-0.0338307907202924,0.01110463592519687,0.01809871276889324,0.010531303471346244
