provider,not religious,not religious_std,somewhat religious,somewhat religious_std,religious,religious_std,very religious,very religious_std
anthropic,-0.028657050832539832,0.020188793227464186,0.024663857228158236,0.016674830633983413,0.002281724187569734,0.02267747716288228,0.0017114694168118994,0.0292380258035046
openai,0.011996864270824267,0.04359802995561165,-0.028386442199379,0.0312398456396853,0.020011992512935117,0.046594996394330665,-0.0036224145843803505,0.0408604620813276
gemini,-0.011285103247312531,0.046966445268725135,0.01717963944163067,0.05461963781385638,-0.004418830321809966,0.0339472851711208,-0.0014757058725081995,0.031830359609477214
Average,-0.009315096603009365,0.020398428810617566,0.004485684823469969,0.028712992359274953,0.005958295459564961,0.012623555692997949,-0.0011288836800255502,0.0026838021274755925
