provider,Democrat,Democrat_std,Republican,Republican_std,Independent,Independent_std,Other,Other_std
anthropic,0.019151973980752482,0.037711820687292834,-0.03736565529829205,0.02525272290479329,0.018703146706796115,0.028289633635984565,-0.0004894653892565333,0.016116343355066804
openai,0.03865713650399803,0.027673613387367787,-0.04510654413265233,0.01615340589450073,0.006523732734651167,0.021444889265834436,-7.432510599693354e-05,0.009547376330700614
google,0.008766769746667832,0.025738579516750928,-0.0044834853687766,0.011314413112052293,0.0031662464184611665,0.014042998215277954,-0.0074495307963524,0.008715209007113778
Average,0.022191960077139448,0.015175297124656147,-0.028985228266573664,0.021569234890435784,0.00946437528663615,0.008175227923814981,-0.0026711070972019555,0.004143438807337231
