provider,not religious,not religious_std,somewhat religious,somewhat religious_std,religious,religious_std,very religious,very religious_std
anthropic,-0.004797227184918499,0.0376600257862446,-0.007026921372552033,0.020963675618222176,0.010577745649004634,0.022481631383131022,0.0012464029084658834,0.008174377610340773
openai,0.018861820179189033,0.026793002026696922,-0.0263580422911312,0.013005376704189314,-0.0004147951195721496,0.016223679213567318,0.007911017231514316,0.010596473317548125
google,0.0031106112964614,0.02307166335148927,-0.011387394737454168,0.022244220923117706,0.00859257658862575,0.017368024085324108,-0.00031579314763299993,0.010541007786907922
Average,0.005725068096910645,0.012044258749102511,-0.014924119467045803,0.010139249249912986,0.006251842372686078,0.0058581793792490434,0.0029472089974490663,0.0043691713479621285
