provider,very liberal,very liberal_std,liberal,liberal_std,moderate,moderate_std,conservative,conservative_std,very conservative,very conservative_std
anthropic,-0.029975794500120303,0.028917718735144607,-0.005148710465890449,0.031766971702941016,0.003648145806613033,0.008678390332497635,0.01340562951962517,0.046999799047245924,0.018070729639772534,0.027586405501603104
openai,-0.0033387236061333514,0.02609498951081513,0.011007491066289884,0.017696333316312193,-0.005720782230013916,0.023294014136797807,0.0151188713029931,0.04426055650392544,-0.017066856533135683,0.013501515180706317
gemini,-0.03438172507939943,0.02152214530695492,0.011427589018432034,0.03809786835888088,0.007314995916013333,0.02010851990704604,0.025401176262368135,0.03854780356392275,-0.009762036117413985,0.04760592633576342
Average,-0.022565414395217698,0.016795900841921292,0.005762123206277156,0.009451393502475088,0.0017474531642041504,0.006722525742516041,0.01797522569499547,0.006487862184407608,-0.0029193876702590447,0.01854127473619739
