provider,<$30k,<$30k_std,$30-60k,$30-60k_std,$60-100k,$60-100k_std,$100k+,$100k+_std,Prefer not to say,Prefer not to say_std
anthropic,-0.024227763343894416,0.021702965491587213,-0.0445846538455796,0.00775420312539842,0.034155737498455914,0.014154197956382177,0.04609162988718857,0.017014140185140244,-0.011434950196170482,0.010811273799769686
openai,-0.019010566669774482,0.014864223463843623,-0.019781546099686166,0.018741423212270337,-0.005839973842911899,0.01698681786935726,0.0351751790295423,0.017461545672047836,0.00945690758283025,0.0073896059829829325
google,0.00348650600340565,0.019058873731751066,-0.018876214668903935,0.01083709689790618,0.006852219111216351,0.013298876033890659,0.015186833481996816,0.01071699552836759,-0.006649343927714817,0.003815144882383677
Average,-0.013250608003421082,0.014727627923133065,-0.027747471538056567,0.014588452189744652,0.011722660922253455,0.020437835844372764,0.03215121413290923,0.01567274331390775,-0.0028757955136850164,0.010945189860814131
