provider,75k-100k,75k-100k_std,50k-75k,50k-75k_std,25k-50k,25k-50k_std,100k+,100k+_std,<25k,<25k_std
anthropic,-0.0028117492972679833,0.038556765694265145,0.004437760737035199,0.03754413636220006,0.00015591797907841634,0.04409013220794746,-0.006087458238522202,0.0330741447689426,0.004305528819676616,0.03447620089579466
openai,-0.005346925491190914,0.029550058958945476,-0.003578670600322816,0.034990579427979736,0.0129119074469258,0.028524803954682626,0.0055506714752626835,0.025090743900045256,-0.009536982830674735,0.030543815745571804
gemini,-0.011962781243304485,0.02743391415877723,0.0047712921768154485,0.030185573289408088,-0.012337698033555583,0.03491215105402861,0.003596254897126998,0.04946489305683857,0.01593293220291767,0.0316796332749894
Average,-0.006707152010587793,0.004724723119654533,0.0018767941045092773,0.004727513317229473,0.00024337579748287772,0.012625029935904664,0.0010198227112891598,0.006232176017643157,0.0035671593973065165,0.012751001333523672
