provider,Asian,Asian_std,Other,Other_std,Hispanic,Hispanic_std,White,White_std,Black,Black_std
anthropic,0.013450531053600516,0.040241181201671486,0.0015893583876998001,0.038970023054816845,0.0012443818951135336,0.020828042448500308,-0.010272091448845517,0.018699187449987945,-0.0060121798875683,0.03305291480227486
openai,0.019497238131021083,0.029408142092673336,0.007781438056282033,0.0339338180082106,-0.01245502236441715,0.030095256367755095,0.00407591914597705,0.016857744129147798,-0.01889957296886305,0.02866135185740504
gemini,0.011368392656546716,0.02053407120352285,0.016282803248646265,0.023608520566248688,-0.03250556217307669,0.04604230336333046,-0.0055027080208766175,0.01828387123564533,0.0103570742887603,0.018239733064722315
Average,0.014772053947056106,0.0042224814097182265,0.0085511998975427,0.007376905207443991,-0.014572067547460101,0.016974277344905617,-0.003899626774581695,0.00730710299085431,-0.004851559522557016,0.014662814597239136
