,Sentiment: Subjectivity,Favorite Count,Sentiment: Polarity,Retweet Count,Content: Polarization Score,Toxicity: Toxicity,User Friends Count,User Followers Count,User Statuses Count,User Favourites Count,Content: Primary Topic,Author: Income,Author: Ideology,Author: Age,Author: Race,Author: Religiosity,Author: Gender,Author: Partisanship,Author: Marital Status,Author: Education,Retweeted
Claude Sonnet 4.5,0.015812029066657015,0.013494787819465566,0.012956205365547301,0.011700150005864449,0.0125123487078449,0.011430385135676966,0.0133858111657568,0.010612254361911535,0.010400119271328468,0.0102846364657291,0.00914041732517335,0.006563301968657349,0.0057117254479012,0.005919713254445517,0.007607855789969034,0.004437949352314366,0.004357813481580783,0.0038346646865870335,0.00404204521307645,0.003205729061424717,0.0024455035847106336
GPT-4o-mini,0.01372969436039815,0.0116950573512452,0.012914912459853116,0.0146347676419627,0.0128870476803368,0.010940025205830116,0.0125473238376496,0.010875324769530148,0.00936673410761015,0.010486088904958,0.008907969060339685,0.005570167640026834,0.005434199634640283,0.005478815940791683,0.004924305810362034,0.006296773214706067,0.006323152852026133,0.0058945632274394,0.003988409380602533,0.0027359366393773835,0.0039379913938923
Gemini 2.0 Flash,0.012318255572929449,0.013592313985698934,0.012737526127244816,0.012063627305254733,0.0108793220075463,0.0133869020749558,0.00940960114653825,0.011178171593261283,0.01107885441485375,0.00988957602623905,0.009928039856791934,0.007682963517760666,0.008232700501150167,0.005932443887006016,0.004389076737914,0.00518688480743175,0.004300514860099866,0.0043970010356534665,0.0039789620831424165,0.00376755224748495,0.00317338232764415
"Average
(across models)",0.013953326333328206,0.0129273863854699,0.012869547984215078,0.012799514984360627,0.012092906131909333,0.01191910413882096,0.011780912049981551,0.010888583574900988,0.010281902597930789,0.01022010046564205,0.009325475414101655,0.00660547770881495,0.006459541861230549,0.005776991027414405,0.005640412779415023,0.005307202458150727,0.004993827064568928,0.004708742983226634,0.0040031388922738,0.00323640598276235,0.0031856257687490276
